case_id,cse_id,alert_id,opened_at,duration_minutes,evidence_count,root_cause_identified,remediation_recorded,investigation_notes
CASE-00001,CSE-01,ALT-000008,2026-08-26T19:54:03,51.1,5,False,True,Investigated credential dumping attempt via LSASS process injection. Kerberos ticket-granting anomalies correlated in domain controller logs. Affected domain admin account disabled; password rotation forced enterprise-wide. Remediation confirmed in ticket SEC-4912.
CASE-00002,CSE-01,ALT-000009,2026-07-19T20:49:23,21.1,6,True,False,Detailed triage initiated following anomalous outbound connection. Memory dump captured from endpoint. Discovered staged payload in AppData/Local/Temp. Hash queried on VirusTotal; host isolated from VLAN 40. Firewall drop rule implemented for external C2 IP 185.220.101.5. Escalated to IR Lead for forensic analysis.
CASE-00003,CSE-01,ALT-000011,2026-06-18T22:52:25,36.8,7,True,True,Reviewed suspicious PowerShell download cradle executing base64 encoded command. Deobfuscated command revealed attempted reconnaissance via whoami and net user. Scheduled task created by attacker removed. EDR policy updated to block unquoted service paths.
CASE-00004,CSE-01,ALT-000014,2026-06-12T14:21:57,62.9,2,True,True,Reviewed suspicious PowerShell download cradle executing base64 encoded command. Deobfuscated command revealed attempted reconnaissance via whoami and net user. Scheduled task created by attacker removed. EDR policy updated to block unquoted service paths.
CASE-00005,CSE-01,ALT-000016,2026-06-15T05:05:20,46.7,4,True,True,Analysis of lateral movement alert across industrial subnet. Source workstation authenticated to PLC engineering station via unauthorized SMB. Network micro-segmentation rule enforced. Root cause identified as unpatched CVE-2023-38545.
CASE-00006,CSE-01,ALT-000018,2026-08-28T13:29:26,44.5,2,True,True,Reviewed suspicious PowerShell download cradle executing base64 encoded command. Deobfuscated command revealed attempted reconnaissance via whoami and net user. Scheduled task created by attacker removed. EDR policy updated to block unquoted service paths.
CASE-00007,CSE-01,ALT-000019,2026-06-16T16:33:20,51.7,3,True,False,False positive investigation. Correlated automated vulnerability scanner activity from authorized internal IP 10.20.1.15 running weekly scheduled scan. Scanner credentials validated against change request CR-8831. Added temporary alert suppression rule for 48 hours.
CASE-00008,CSE-01,ALT-000021,2026-08-24T00:56:19,34.4,2,True,True,False positive investigation. Correlated automated vulnerability scanner activity from authorized internal IP 10.20.1.15 running weekly scheduled scan. Scanner credentials validated against change request CR-8831. Added temporary alert suppression rule for 48 hours.
CASE-00009,CSE-01,ALT-000023,2026-07-09T16:40:36,21.8,2,True,True,Detailed triage initiated following anomalous outbound connection. Memory dump captured from endpoint. Discovered staged payload in AppData/Local/Temp. Hash queried on VirusTotal; host isolated from VLAN 40. Firewall drop rule implemented for external C2 IP 185.220.101.5. Escalated to IR Lead for forensic analysis.
CASE-00010,CSE-01,ALT-000026,2026-06-13T11:22:46,22.9,2,True,True,Analysis of lateral movement alert across industrial subnet. Source workstation authenticated to PLC engineering station via unauthorized SMB. Network micro-segmentation rule enforced. Root cause identified as unpatched CVE-2023-38545.
CASE-00011,CSE-01,ALT-000027,2026-06-17T20:15:24,49.0,4,True,True,Detailed triage initiated following anomalous outbound connection. Memory dump captured from endpoint. Discovered staged payload in AppData/Local/Temp. Hash queried on VirusTotal; host isolated from VLAN 40. Firewall drop rule implemented for external C2 IP 185.220.101.5. Escalated to IR Lead for forensic analysis.
CASE-00012,CSE-01,ALT-000028,2026-08-13T18:28:27,41.4,3,True,False,False positive investigation. Correlated automated vulnerability scanner activity from authorized internal IP 10.20.1.15 running weekly scheduled scan. Scanner credentials validated against change request CR-8831. Added temporary alert suppression rule for 48 hours.
CASE-00013,CSE-01,ALT-000029,2026-08-19T22:20:22,27.9,4,True,True,Reviewed suspicious PowerShell download cradle executing base64 encoded command. Deobfuscated command revealed attempted reconnaissance via whoami and net user. Scheduled task created by attacker removed. EDR policy updated to block unquoted service paths.
CASE-00014,CSE-01,ALT-000031,2026-07-29T12:24:41,30.0,2,True,True,False positive investigation. Correlated automated vulnerability scanner activity from authorized internal IP 10.20.1.15 running weekly scheduled scan. Scanner credentials validated against change request CR-8831. Added temporary alert suppression rule for 48 hours.
CASE-00015,CSE-01,ALT-000035,2026-08-25T12:53:41,48.7,7,True,True,Analysis of lateral movement alert across industrial subnet. Source workstation authenticated to PLC engineering station via unauthorized SMB. Network micro-segmentation rule enforced. Root cause identified as unpatched CVE-2023-38545.
CASE-00016,CSE-01,ALT-000037,2026-08-15T14:34:47,29.9,6,True,True,False positive investigation. Correlated automated vulnerability scanner activity from authorized internal IP 10.20.1.15 running weekly scheduled scan. Scanner credentials validated against change request CR-8831. Added temporary alert suppression rule for 48 hours.
CASE-00017,CSE-01,ALT-000041,2026-07-30T16:27:13,69.6,5,True,False,Analysis of lateral movement alert across industrial subnet. Source workstation authenticated to PLC engineering station via unauthorized SMB. Network micro-segmentation rule enforced. Root cause identified as unpatched CVE-2023-38545.
CASE-00018,CSE-01,ALT-000042,2026-06-06T16:22:27,15.5,6,True,True,Detailed triage initiated following anomalous outbound connection. Memory dump captured from endpoint. Discovered staged payload in AppData/Local/Temp. Hash queried on VirusTotal; host isolated from VLAN 40. Firewall drop rule implemented for external C2 IP 185.220.101.5. Escalated to IR Lead for forensic analysis.
CASE-00019,CSE-01,ALT-000045,2026-06-20T12:08:14,43.9,4,True,True,Detailed triage initiated following anomalous outbound connection. Memory dump captured from endpoint. Discovered staged payload in AppData/Local/Temp. Hash queried on VirusTotal; host isolated from VLAN 40. Firewall drop rule implemented for external C2 IP 185.220.101.5. Escalated to IR Lead for forensic analysis.
CASE-00020,CSE-01,ALT-000047,2026-07-14T17:42:16,30.4,7,True,True,Detailed triage initiated following anomalous outbound connection. Memory dump captured from endpoint. Discovered staged payload in AppData/Local/Temp. Hash queried on VirusTotal; host isolated from VLAN 40. Firewall drop rule implemented for external C2 IP 185.220.101.5. Escalated to IR Lead for forensic analysis.
CASE-00021,CSE-01,ALT-000054,2026-08-23T12:12:27,28.0,6,True,True,Analysis of lateral movement alert across industrial subnet. Source workstation authenticated to PLC engineering station via unauthorized SMB. Network micro-segmentation rule enforced. Root cause identified as unpatched CVE-2023-38545.
CASE-00022,CSE-01,ALT-000055,2026-07-03T07:51:06,17.5,5,True,False,False positive investigation. Correlated automated vulnerability scanner activity from authorized internal IP 10.20.1.15 running weekly scheduled scan. Scanner credentials validated against change request CR-8831. Added temporary alert suppression rule for 48 hours.
CASE-00023,CSE-01,ALT-000062,2026-07-13T09:56:51,49.5,7,True,False,Analysis of lateral movement alert across industrial subnet. Source workstation authenticated to PLC engineering station via unauthorized SMB. Network micro-segmentation rule enforced. Root cause identified as unpatched CVE-2023-38545.
CASE-00024,CSE-01,ALT-000072,2026-07-30T20:05:05,45.3,2,True,True,False positive investigation. Correlated automated vulnerability scanner activity from authorized internal IP 10.20.1.15 running weekly scheduled scan. Scanner credentials validated against change request CR-8831. Added temporary alert suppression rule for 48 hours.
CASE-00025,CSE-01,ALT-000075,2026-06-11T09:07:27,40.8,6,True,True,False positive investigation. Correlated automated vulnerability scanner activity from authorized internal IP 10.20.1.15 running weekly scheduled scan. Scanner credentials validated against change request CR-8831. Added temporary alert suppression rule for 48 hours.
CASE-00026,CSE-01,ALT-000079,2026-07-11T12:34:28,17.6,2,True,False,Investigated credential dumping attempt via LSASS process injection. Kerberos ticket-granting anomalies correlated in domain controller logs. Affected domain admin account disabled; password rotation forced enterprise-wide. Remediation confirmed in ticket SEC-4912.
CASE-00027,CSE-01,ALT-000080,2026-08-18T15:13:25,32.6,5,False,True,Analysis of lateral movement alert across industrial subnet. Source workstation authenticated to PLC engineering station via unauthorized SMB. Network micro-segmentation rule enforced. Root cause identified as unpatched CVE-2023-38545.
CASE-00028,CSE-01,ALT-000084,2026-08-18T04:19:32,41.4,6,True,True,Investigated credential dumping attempt via LSASS process injection. Kerberos ticket-granting anomalies correlated in domain controller logs. Affected domain admin account disabled; password rotation forced enterprise-wide. Remediation confirmed in ticket SEC-4912.
CASE-00029,CSE-01,ALT-000085,2026-06-06T01:25:00,49.4,3,True,True,Reviewed suspicious PowerShell download cradle executing base64 encoded command. Deobfuscated command revealed attempted reconnaissance via whoami and net user. Scheduled task created by attacker removed. EDR policy updated to block unquoted service paths.
CASE-00030,CSE-01,ALT-000086,2026-07-09T21:37:00,22.9,5,True,True,Detailed triage initiated following anomalous outbound connection. Memory dump captured from endpoint. Discovered staged payload in AppData/Local/Temp. Hash queried on VirusTotal; host isolated from VLAN 40. Firewall drop rule implemented for external C2 IP 185.220.101.5. Escalated to IR Lead for forensic analysis.
CASE-00031,CSE-01,ALT-000087,2026-08-28T22:54:38,66.7,6,True,True,Detailed triage initiated following anomalous outbound connection. Memory dump captured from endpoint. Discovered staged payload in AppData/Local/Temp. Hash queried on VirusTotal; host isolated from VLAN 40. Firewall drop rule implemented for external C2 IP 185.220.101.5. Escalated to IR Lead for forensic analysis.
CASE-00032,CSE-01,ALT-000088,2026-08-19T13:50:32,32.6,5,True,True,Investigated credential dumping attempt via LSASS process injection. Kerberos ticket-granting anomalies correlated in domain controller logs. Affected domain admin account disabled; password rotation forced enterprise-wide. Remediation confirmed in ticket SEC-4912.
CASE-00033,CSE-01,ALT-000091,2026-08-18T17:37:42,51.3,7,True,True,Investigated credential dumping attempt via LSASS process injection. Kerberos ticket-granting anomalies correlated in domain controller logs. Affected domain admin account disabled; password rotation forced enterprise-wide. Remediation confirmed in ticket SEC-4912.
CASE-00034,CSE-01,ALT-000094,2026-08-11T09:53:21,40.7,5,True,True,Detailed triage initiated following anomalous outbound connection. Memory dump captured from endpoint. Discovered staged payload in AppData/Local/Temp. Hash queried on VirusTotal; host isolated from VLAN 40. Firewall drop rule implemented for external C2 IP 185.220.101.5. Escalated to IR Lead for forensic analysis.
CASE-00035,CSE-01,ALT-000095,2026-08-27T05:00:18,70.5,4,True,True,Reviewed suspicious PowerShell download cradle executing base64 encoded command. Deobfuscated command revealed attempted reconnaissance via whoami and net user. Scheduled task created by attacker removed. EDR policy updated to block unquoted service paths.
CASE-00036,CSE-01,ALT-000099,2026-07-03T06:46:45,44.5,6,True,True,Analysis of lateral movement alert across industrial subnet. Source workstation authenticated to PLC engineering station via unauthorized SMB. Network micro-segmentation rule enforced. Root cause identified as unpatched CVE-2023-38545.
CASE-00037,CSE-01,ALT-000101,2026-07-09T21:12:24,13.4,7,True,False,Analysis of lateral movement alert across industrial subnet. Source workstation authenticated to PLC engineering station via unauthorized SMB. Network micro-segmentation rule enforced. Root cause identified as unpatched CVE-2023-38545.
CASE-00038,CSE-01,ALT-000105,2026-08-08T05:27:21,42.0,2,True,True,Analysis of lateral movement alert across industrial subnet. Source workstation authenticated to PLC engineering station via unauthorized SMB. Network micro-segmentation rule enforced. Root cause identified as unpatched CVE-2023-38545.
CASE-00039,CSE-01,ALT-000106,2026-07-29T20:31:52,47.6,5,True,True,Detailed triage initiated following anomalous outbound connection. Memory dump captured from endpoint. Discovered staged payload in AppData/Local/Temp. Hash queried on VirusTotal; host isolated from VLAN 40. Firewall drop rule implemented for external C2 IP 185.220.101.5. Escalated to IR Lead for forensic analysis.
CASE-00040,CSE-01,ALT-000112,2026-06-07T08:54:37,31.9,7,True,True,Investigated credential dumping attempt via LSASS process injection. Kerberos ticket-granting anomalies correlated in domain controller logs. Affected domain admin account disabled; password rotation forced enterprise-wide. Remediation confirmed in ticket SEC-4912.
CASE-00041,CSE-01,ALT-000113,2026-08-26T11:40:30,29.5,6,True,False,Analysis of lateral movement alert across industrial subnet. Source workstation authenticated to PLC engineering station via unauthorized SMB. Network micro-segmentation rule enforced. Root cause identified as unpatched CVE-2023-38545.
CASE-00042,CSE-01,ALT-000117,2026-06-06T02:38:59,36.0,7,True,False,Investigated credential dumping attempt via LSASS process injection. Kerberos ticket-granting anomalies correlated in domain controller logs. Affected domain admin account disabled; password rotation forced enterprise-wide. Remediation confirmed in ticket SEC-4912.
CASE-00043,CSE-01,ALT-000121,2026-07-08T05:32:56,41.2,7,True,True,Analysis of lateral movement alert across industrial subnet. Source workstation authenticated to PLC engineering station via unauthorized SMB. Network micro-segmentation rule enforced. Root cause identified as unpatched CVE-2023-38545.
CASE-00044,CSE-01,ALT-000122,2026-06-22T12:49:20,51.8,7,True,True,Detailed triage initiated following anomalous outbound connection. Memory dump captured from endpoint. Discovered staged payload in AppData/Local/Temp. Hash queried on VirusTotal; host isolated from VLAN 40. Firewall drop rule implemented for external C2 IP 185.220.101.5. Escalated to IR Lead for forensic analysis.
CASE-00045,CSE-01,ALT-000123,2026-06-18T22:57:47,29.5,7,True,True,Analysis of lateral movement alert across industrial subnet. Source workstation authenticated to PLC engineering station via unauthorized SMB. Network micro-segmentation rule enforced. Root cause identified as unpatched CVE-2023-38545.
CASE-00046,CSE-01,ALT-000124,2026-08-10T14:58:34,56.6,2,False,True,Investigated credential dumping attempt via LSASS process injection. Kerberos ticket-granting anomalies correlated in domain controller logs. Affected domain admin account disabled; password rotation forced enterprise-wide. Remediation confirmed in ticket SEC-4912.
CASE-00047,CSE-01,ALT-000126,2026-08-29T08:13:23,24.7,2,True,True,Investigated credential dumping attempt via LSASS process injection. Kerberos ticket-granting anomalies correlated in domain controller logs. Affected domain admin account disabled; password rotation forced enterprise-wide. Remediation confirmed in ticket SEC-4912.
CASE-00048,CSE-01,ALT-000132,2026-07-19T15:43:23,47.2,5,True,True,Investigated credential dumping attempt via LSASS process injection. Kerberos ticket-granting anomalies correlated in domain controller logs. Affected domain admin account disabled; password rotation forced enterprise-wide. Remediation confirmed in ticket SEC-4912.
CASE-00049,CSE-01,ALT-000133,2026-07-20T11:31:47,29.5,5,True,True,Analysis of lateral movement alert across industrial subnet. Source workstation authenticated to PLC engineering station via unauthorized SMB. Network micro-segmentation rule enforced. Root cause identified as unpatched CVE-2023-38545.
CASE-00050,CSE-01,ALT-000134,2026-06-14T00:57:22,48.7,2,True,True,Analysis of lateral movement alert across industrial subnet. Source workstation authenticated to PLC engineering station via unauthorized SMB. Network micro-segmentation rule enforced. Root cause identified as unpatched CVE-2023-38545.
CASE-00051,CSE-01,ALT-000135,2026-07-02T20:49:27,23.3,4,True,True,Analysis of lateral movement alert across industrial subnet. Source workstation authenticated to PLC engineering station via unauthorized SMB. Network micro-segmentation rule enforced. Root cause identified as unpatched CVE-2023-38545.
CASE-00052,CSE-01,ALT-000139,2026-08-15T19:51:56,45.0,5,True,True,Detailed triage initiated following anomalous outbound connection. Memory dump captured from endpoint. Discovered staged payload in AppData/Local/Temp. Hash queried on VirusTotal; host isolated from VLAN 40. Firewall drop rule implemented for external C2 IP 185.220.101.5. Escalated to IR Lead for forensic analysis.
CASE-00053,CSE-01,ALT-000142,2026-06-22T23:33:23,30.3,6,True,True,Investigated credential dumping attempt via LSASS process injection. Kerberos ticket-granting anomalies correlated in domain controller logs. Affected domain admin account disabled; password rotation forced enterprise-wide. Remediation confirmed in ticket SEC-4912.
CASE-00054,CSE-01,ALT-000143,2026-08-28T20:56:37,44.6,2,True,False,Analysis of lateral movement alert across industrial subnet. Source workstation authenticated to PLC engineering station via unauthorized SMB. Network micro-segmentation rule enforced. Root cause identified as unpatched CVE-2023-38545.
CASE-00055,CSE-01,ALT-000146,2026-07-02T18:47:12,33.6,7,True,True,Investigated credential dumping attempt via LSASS process injection. Kerberos ticket-granting anomalies correlated in domain controller logs. Affected domain admin account disabled; password rotation forced enterprise-wide. Remediation confirmed in ticket SEC-4912.
CASE-00056,CSE-01,ALT-000148,2026-06-14T19:32:51,48.7,6,True,True,Reviewed suspicious PowerShell download cradle executing base64 encoded command. Deobfuscated command revealed attempted reconnaissance via whoami and net user. Scheduled task created by attacker removed. EDR policy updated to block unquoted service paths.
CASE-00057,CSE-01,ALT-000150,2026-06-18T11:24:09,40.3,5,True,True,False positive investigation. Correlated automated vulnerability scanner activity from authorized internal IP 10.20.1.15 running weekly scheduled scan. Scanner credentials validated against change request CR-8831. Added temporary alert suppression rule for 48 hours.
CASE-00058,CSE-01,ALT-000152,2026-06-02T17:38:38,39.8,2,True,True,Investigated credential dumping attempt via LSASS process injection. Kerberos ticket-granting anomalies correlated in domain controller logs. Affected domain admin account disabled; password rotation forced enterprise-wide. Remediation confirmed in ticket SEC-4912.
CASE-00059,CSE-01,ALT-000153,2026-06-29T10:38:04,58.9,6,True,True,False positive investigation. Correlated automated vulnerability scanner activity from authorized internal IP 10.20.1.15 running weekly scheduled scan. Scanner credentials validated against change request CR-8831. Added temporary alert suppression rule for 48 hours.
CASE-00060,CSE-01,ALT-000163,2026-06-13T22:47:54,22.1,7,True,False,Investigated credential dumping attempt via LSASS process injection. Kerberos ticket-granting anomalies correlated in domain controller logs. Affected domain admin account disabled; password rotation forced enterprise-wide. Remediation confirmed in ticket SEC-4912.
CASE-00061,CSE-01,ALT-000166,2026-06-02T00:17:36,17.3,4,False,True,Reviewed suspicious PowerShell download cradle executing base64 encoded command. Deobfuscated command revealed attempted reconnaissance via whoami and net user. Scheduled task created by attacker removed. EDR policy updated to block unquoted service paths.
CASE-00062,CSE-01,ALT-000171,2026-08-03T14:02:58,51.7,5,True,True,False positive investigation. Correlated automated vulnerability scanner activity from authorized internal IP 10.20.1.15 running weekly scheduled scan. Scanner credentials validated against change request CR-8831. Added temporary alert suppression rule for 48 hours.
CASE-00063,CSE-01,ALT-000172,2026-07-31T02:39:27,40.2,7,True,True,Reviewed suspicious PowerShell download cradle executing base64 encoded command. Deobfuscated command revealed attempted reconnaissance via whoami and net user. Scheduled task created by attacker removed. EDR policy updated to block unquoted service paths.
CASE-00064,CSE-01,ALT-000173,2026-07-25T14:38:47,35.4,6,True,True,Investigated credential dumping attempt via LSASS process injection. Kerberos ticket-granting anomalies correlated in domain controller logs. Affected domain admin account disabled; password rotation forced enterprise-wide. Remediation confirmed in ticket SEC-4912.
CASE-00065,CSE-01,ALT-000174,2026-08-23T23:24:59,38.4,4,True,True,Detailed triage initiated following anomalous outbound connection. Memory dump captured from endpoint. Discovered staged payload in AppData/Local/Temp. Hash queried on VirusTotal; host isolated from VLAN 40. Firewall drop rule implemented for external C2 IP 185.220.101.5. Escalated to IR Lead for forensic analysis.
CASE-00066,CSE-01,ALT-000175,2026-06-23T04:20:55,57.4,3,True,True,Reviewed suspicious PowerShell download cradle executing base64 encoded command. Deobfuscated command revealed attempted reconnaissance via whoami and net user. Scheduled task created by attacker removed. EDR policy updated to block unquoted service paths.
CASE-00067,CSE-01,ALT-000178,2026-08-26T04:11:57,33.9,3,False,False,Investigated credential dumping attempt via LSASS process injection. Kerberos ticket-granting anomalies correlated in domain controller logs. Affected domain admin account disabled; password rotation forced enterprise-wide. Remediation confirmed in ticket SEC-4912.
CASE-00068,CSE-01,ALT-000179,2026-08-10T23:52:24,18.2,7,False,True,False positive investigation. Correlated automated vulnerability scanner activity from authorized internal IP 10.20.1.15 running weekly scheduled scan. Scanner credentials validated against change request CR-8831. Added temporary alert suppression rule for 48 hours.
CASE-00069,CSE-01,ALT-000180,2026-08-06T01:40:19,19.1,3,True,True,Reviewed suspicious PowerShell download cradle executing base64 encoded command. Deobfuscated command revealed attempted reconnaissance via whoami and net user. Scheduled task created by attacker removed. EDR policy updated to block unquoted service paths.
CASE-00070,CSE-01,ALT-000182,2026-06-01T14:55:44,38.4,7,True,True,Analysis of lateral movement alert across industrial subnet. Source workstation authenticated to PLC engineering station via unauthorized SMB. Network micro-segmentation rule enforced. Root cause identified as unpatched CVE-2023-38545.
CASE-00071,CSE-01,ALT-000185,2026-08-24T04:45:32,48.0,3,True,True,Reviewed suspicious PowerShell download cradle executing base64 encoded command. Deobfuscated command revealed attempted reconnaissance via whoami and net user. Scheduled task created by attacker removed. EDR policy updated to block unquoted service paths.
CASE-00072,CSE-01,ALT-000186,2026-08-14T03:58:03,40.9,5,True,True,Reviewed suspicious PowerShell download cradle executing base64 encoded command. Deobfuscated command revealed attempted reconnaissance via whoami and net user. Scheduled task created by attacker removed. EDR policy updated to block unquoted service paths.
CASE-00073,CSE-01,ALT-000189,2026-07-30T03:42:37,34.6,6,True,False,Detailed triage initiated following anomalous outbound connection. Memory dump captured from endpoint. Discovered staged payload in AppData/Local/Temp. Hash queried on VirusTotal; host isolated from VLAN 40. Firewall drop rule implemented for external C2 IP 185.220.101.5. Escalated to IR Lead for forensic analysis.
CASE-00074,CSE-01,ALT-000191,2026-07-30T01:50:37,28.7,3,True,True,Investigated credential dumping attempt via LSASS process injection. Kerberos ticket-granting anomalies correlated in domain controller logs. Affected domain admin account disabled; password rotation forced enterprise-wide. Remediation confirmed in ticket SEC-4912.
CASE-00075,CSE-01,ALT-000198,2026-07-10T06:23:30,24.1,4,True,False,Investigated credential dumping attempt via LSASS process injection. Kerberos ticket-granting anomalies correlated in domain controller logs. Affected domain admin account disabled; password rotation forced enterprise-wide. Remediation confirmed in ticket SEC-4912.
CASE-00076,CSE-01,ALT-000199,2026-07-12T02:10:06,69.8,6,True,True,Analysis of lateral movement alert across industrial subnet. Source workstation authenticated to PLC engineering station via unauthorized SMB. Network micro-segmentation rule enforced. Root cause identified as unpatched CVE-2023-38545.
CASE-00077,CSE-01,ALT-000201,2026-06-29T21:26:34,16.1,6,True,True,Analysis of lateral movement alert across industrial subnet. Source workstation authenticated to PLC engineering station via unauthorized SMB. Network micro-segmentation rule enforced. Root cause identified as unpatched CVE-2023-38545.
CASE-00078,CSE-01,ALT-000205,2026-08-13T23:42:03,12.8,4,True,True,Detailed triage initiated following anomalous outbound connection. Memory dump captured from endpoint. Discovered staged payload in AppData/Local/Temp. Hash queried on VirusTotal; host isolated from VLAN 40. Firewall drop rule implemented for external C2 IP 185.220.101.5. Escalated to IR Lead for forensic analysis.
CASE-00079,CSE-01,ALT-000206,2026-06-10T19:55:02,23.1,5,True,True,False positive investigation. Correlated automated vulnerability scanner activity from authorized internal IP 10.20.1.15 running weekly scheduled scan. Scanner credentials validated against change request CR-8831. Added temporary alert suppression rule for 48 hours.
CASE-00080,CSE-01,ALT-000207,2026-06-27T06:55:01,17.5,3,True,True,Analysis of lateral movement alert across industrial subnet. Source workstation authenticated to PLC engineering station via unauthorized SMB. Network micro-segmentation rule enforced. Root cause identified as unpatched CVE-2023-38545.
CASE-00081,CSE-01,ALT-000210,2026-07-18T06:47:35,18.2,2,True,False,Detailed triage initiated following anomalous outbound connection. Memory dump captured from endpoint. Discovered staged payload in AppData/Local/Temp. Hash queried on VirusTotal; host isolated from VLAN 40. Firewall drop rule implemented for external C2 IP 185.220.101.5. Escalated to IR Lead for forensic analysis.
CASE-00082,CSE-01,ALT-000211,2026-07-23T21:28:16,40.9,5,True,True,Investigated credential dumping attempt via LSASS process injection. Kerberos ticket-granting anomalies correlated in domain controller logs. Affected domain admin account disabled; password rotation forced enterprise-wide. Remediation confirmed in ticket SEC-4912.
CASE-00083,CSE-01,ALT-000214,2026-06-12T14:07:48,33.1,6,True,True,False positive investigation. Correlated automated vulnerability scanner activity from authorized internal IP 10.20.1.15 running weekly scheduled scan. Scanner credentials validated against change request CR-8831. Added temporary alert suppression rule for 48 hours.
CASE-00084,CSE-01,ALT-000220,2026-08-05T05:47:16,49.1,2,True,True,Investigated credential dumping attempt via LSASS process injection. Kerberos ticket-granting anomalies correlated in domain controller logs. Affected domain admin account disabled; password rotation forced enterprise-wide. Remediation confirmed in ticket SEC-4912.
CASE-00085,CSE-01,ALT-000223,2026-06-04T14:04:27,63.1,2,False,False,False positive investigation. Correlated automated vulnerability scanner activity from authorized internal IP 10.20.1.15 running weekly scheduled scan. Scanner credentials validated against change request CR-8831. Added temporary alert suppression rule for 48 hours.
CASE-00086,CSE-01,ALT-000226,2026-08-14T03:43:30,40.4,4,True,True,Reviewed suspicious PowerShell download cradle executing base64 encoded command. Deobfuscated command revealed attempted reconnaissance via whoami and net user. Scheduled task created by attacker removed. EDR policy updated to block unquoted service paths.
CASE-00087,CSE-01,ALT-000227,2026-08-23T10:52:43,47.3,7,True,True,Reviewed suspicious PowerShell download cradle executing base64 encoded command. Deobfuscated command revealed attempted reconnaissance via whoami and net user. Scheduled task created by attacker removed. EDR policy updated to block unquoted service paths.
CASE-00088,CSE-01,ALT-000230,2026-06-13T17:08:26,43.7,5,True,True,Reviewed suspicious PowerShell download cradle executing base64 encoded command. Deobfuscated command revealed attempted reconnaissance via whoami and net user. Scheduled task created by attacker removed. EDR policy updated to block unquoted service paths.
CASE-00089,CSE-01,ALT-000232,2026-08-04T04:21:44,31.6,6,False,False,Analysis of lateral movement alert across industrial subnet. Source workstation authenticated to PLC engineering station via unauthorized SMB. Network micro-segmentation rule enforced. Root cause identified as unpatched CVE-2023-38545.
CASE-00090,CSE-01,ALT-000235,2026-07-22T15:37:13,20.6,2,True,True,Investigated credential dumping attempt via LSASS process injection. Kerberos ticket-granting anomalies correlated in domain controller logs. Affected domain admin account disabled; password rotation forced enterprise-wide. Remediation confirmed in ticket SEC-4912.
CASE-00091,CSE-01,ALT-000239,2026-06-22T04:29:03,24.3,7,True,True,Detailed triage initiated following anomalous outbound connection. Memory dump captured from endpoint. Discovered staged payload in AppData/Local/Temp. Hash queried on VirusTotal; host isolated from VLAN 40. Firewall drop rule implemented for external C2 IP 185.220.101.5. Escalated to IR Lead for forensic analysis.
CASE-00092,CSE-01,ALT-000242,2026-06-14T18:07:19,36.6,6,True,True,Detailed triage initiated following anomalous outbound connection. Memory dump captured from endpoint. Discovered staged payload in AppData/Local/Temp. Hash queried on VirusTotal; host isolated from VLAN 40. Firewall drop rule implemented for external C2 IP 185.220.101.5. Escalated to IR Lead for forensic analysis.
CASE-00093,CSE-01,ALT-000243,2026-08-01T12:02:12,44.1,2,True,True,False positive investigation. Correlated automated vulnerability scanner activity from authorized internal IP 10.20.1.15 running weekly scheduled scan. Scanner credentials validated against change request CR-8831. Added temporary alert suppression rule for 48 hours.
CASE-00094,CSE-01,ALT-000244,2026-07-03T23:27:34,32.2,7,True,True,Reviewed suspicious PowerShell download cradle executing base64 encoded command. Deobfuscated command revealed attempted reconnaissance via whoami and net user. Scheduled task created by attacker removed. EDR policy updated to block unquoted service paths.
CASE-00095,CSE-01,ALT-000245,2026-06-13T01:40:14,73.3,4,True,True,Detailed triage initiated following anomalous outbound connection. Memory dump captured from endpoint. Discovered staged payload in AppData/Local/Temp. Hash queried on VirusTotal; host isolated from VLAN 40. Firewall drop rule implemented for external C2 IP 185.220.101.5. Escalated to IR Lead for forensic analysis.
CASE-00096,CSE-01,ALT-000248,2026-07-19T13:03:22,21.5,2,True,True,Reviewed suspicious PowerShell download cradle executing base64 encoded command. Deobfuscated command revealed attempted reconnaissance via whoami and net user. Scheduled task created by attacker removed. EDR policy updated to block unquoted service paths.
CASE-00097,CSE-01,ALT-000249,2026-08-13T20:34:17,30.3,7,True,True,Reviewed suspicious PowerShell download cradle executing base64 encoded command. Deobfuscated command revealed attempted reconnaissance via whoami and net user. Scheduled task created by attacker removed. EDR policy updated to block unquoted service paths.
CASE-00098,CSE-01,ALT-000250,2026-08-11T22:18:55,48.9,3,True,True,Reviewed suspicious PowerShell download cradle executing base64 encoded command. Deobfuscated command revealed attempted reconnaissance via whoami and net user. Scheduled task created by attacker removed. EDR policy updated to block unquoted service paths.
CASE-00099,CSE-01,ALT-000252,2026-07-28T11:30:26,41.4,6,True,False,False positive investigation. Correlated automated vulnerability scanner activity from authorized internal IP 10.20.1.15 running weekly scheduled scan. Scanner credentials validated against change request CR-8831. Added temporary alert suppression rule for 48 hours.
CASE-00100,CSE-01,ALT-000256,2026-07-03T22:14:25,32.6,7,True,True,Detailed triage initiated following anomalous outbound connection. Memory dump captured from endpoint. Discovered staged payload in AppData/Local/Temp. Hash queried on VirusTotal; host isolated from VLAN 40. Firewall drop rule implemented for external C2 IP 185.220.101.5. Escalated to IR Lead for forensic analysis.
